<?xml version="1.0" encoding="UTF-8"?>
<jcr:root xmlns:sling="http://sling.apache.org/jcr/sling/1.0" xmlns:granite="http://www.adobe.com/jcr/granite/1.0" xmlns:cq="http://www.day.com/jcr/cq/1.0" xmlns:jcr="http://www.jcp.org/jcr/1.0" xmlns:nt="http://www.jcp.org/jcr/nt/1.0"
    jcr:primaryType="nt:unstructured"
    jcr:title="Author Books"
    sling:resourceType="cq/gui/components/authoring/dialog">
    <content
        granite:class="cmp-author_editor"
        jcr:primaryType="nt:unstructured"
        sling:resourceType="granite/ui/components/coral/foundation/fixedcolumns">
        <items jcr:primaryType="nt:unstructured">
            <tabs
                jcr:primaryType="nt:unstructured"
                sling:resourceType="granite/ui/components/coral/foundation/tabs"
                maximized="{Boolean}true">
                <items jcr:primaryType="nt:unstructured">
                    <multifieldwithmap
                        jcr:primaryType="nt:unstructured"
                        jcr:title="Multifield With Map"
                        sling:resourceType="granite/ui/components/coral/foundation/container">
                        <items jcr:primaryType="nt:unstructured">
                            <authorname
                                jcr:primaryType="nt:unstructured"
                                sling:resourceType="granite/ui/components/coral/foundation/form/textfield"
                                fieldLabel="Author Name"
                                name="./authorname"/>
                            <well
                                jcr:primaryType="nt:unstructured"
                                sling:resourceType="granite/ui/components/coral/foundation/well"
                                fieldLabel="Book Details">
                                <items jcr:primaryType="nt:unstructured">
                                    <books
                                        granite:class="foundation-toggleable cmp-teaser__editor-multifield_actions"
                                        jcr:primaryType="nt:unstructured"
                                        sling:resourceType="granite/ui/components/coral/foundation/form/multifield"
                                        composite="{Boolean}false"
                                        fieldLabel="Autor's Books">
                                        <field
                                            granite:class=""
                                            jcr:primaryType="nt:unstructured"
                                            sling:resourceType="granite/ui/components/coral/foundation/form/textfield"
                                            name="./books"/>
                                    </books>
                                </items>
                            </well>
                        </items>
                    </multifieldwithmap>
                </items>
            </tabs>
        </items>
    </content>
</jcr:root>
